{
  "countries": {
    "afghanistan": "Afghanistan",
    "albania": "Albania",
    "algeria": "Algeria",
    "andorra": "Andorra",
    "angola": "Angola",
    "argentina": "Argentina",
    "armenia": "Armenia",
    "australia": "Australia",
    "austria": "Austria",
    "azerbaijan": "Azerbaijan",
    "bahamas": "Bahamas",
    "bahrain": "Bahrain",
    "bangladesh": "Bangladesh",
    "barbados": "Barbados",
    "belarus": "Belarus",
    "belgium": "Belgium",
    "belize": "Belize",
    "benin": "Benin",
    "bhutan": "Bhutan",
    "bolivia": "Bolivia",
    "bosnia": "Bosnia and Herzegovina",
    "bosnia and herzegovina": "Bosnia and Herzegovina",
    "botswana": "Botswana",
    "brazil": "Brazil",
    "brasil": "Brazil",
    "brunei": "Brunei",
    "bulgaria": "Bulgaria",
    "burkina faso": "Burkina Faso",
    "burundi": "Burundi",
    "cambodia": "Cambodia",
    "cameroon": "Cameroon",
    "canada": "Canada",
    "cape verde": "Cape Verde",
    "central african republic": "Central African Republic",
    "chad": "Chad",
    "chile": "Chile",
    "china": "China",
    "colombia": "Colombia",
    "comoros": "Comoros",
    "congo": "Democratic Republic of Congo",
    "dr congo": "Democratic Republic of Congo",
    "costa rica": "Costa Rica",
    "croatia": "Croatia",
    "hrvatska": "Croatia",
    "cuba": "Cuba",
    "cyprus": "Cyprus",
    "czech republic": "Czech Republic",
    "czechia": "Czech Republic",
    "denmark": "Denmark",
    "djibouti": "Djibouti",
    "dominican republic": "Dominican Republic",
    "ecuador": "Ecuador",
    "egypt": "Egypt",
    "el salvador": "El Salvador",
    "equatorial guinea": "Equatorial Guinea",
    "eritrea": "Eritrea",
    "estonia": "Estonia",
    "ethiopia": "Ethiopia",
    "fiji": "Fiji",
    "finland": "Finland",
    "france": "France",
    "francia": "France",
    "gabon": "Gabon",
    "gambia": "Gambia",
    "georgia": "Georgia",
    "germany": "Germany",
    "deutschland": "Germany",
    "ghana": "Ghana",
    "greece": "Greece",
    "grenada": "Grenada",
    "guatemala": "Guatemala",
    "guinea": "Guinea",
    "guinea-bissau": "Guinea-Bissau",
    "guyana": "Guyana",
    "haiti": "Haiti",
    "honduras": "Honduras",
    "hungary": "Hungary",
    "iceland": "Iceland",
    "india": "India",
    "indonesia": "Indonesia",
    "iran": "Iran",
    "iraq": "Iraq",
    "ireland": "Ireland",
    "israel": "Israel",
    "italy": "Italy",
    "italia": "Italy",
    "jamaica": "Jamaica",
    "japan": "Japan",
    "jordan": "Jordan",
    "kazakhstan": "Kazakhstan",
    "kenya": "Kenya",
    "kiribati": "Kiribati",
    "kosovo": "Kosovo",
    "kuwait": "Kuwait",
    "kyrgyzstan": "Kyrgyzstan",
    "laos": "Laos",
    "latvia": "Latvia",
    "lebanon": "Lebanon",
    "lesotho": "Lesotho",
    "liberia": "Liberia",
    "libya": "Libya",
    "liechtenstein": "Liechtenstein",
    "lithuania": "Lithuania",
    "luxembourg": "Luxembourg",
    "madagascar": "Madagascar",
    "malawi": "Malawi",
    "malaysia": "Malaysia",
    "maldives": "Maldives",
    "mali": "Mali",
    "malta": "Malta",
    "marshall islands": "Marshall Islands",
    "mauritania": "Mauritania",
    "mauritius": "Mauritius",
    "mexico": "Mexico",
    "méxico": "Mexico",
    "micronesia": "Micronesia",
    "moldova": "Moldova",
    "monaco": "Monaco",
    "mongolia": "Mongolia",
    "montenegro": "Montenegro",
    "morocco": "Morocco",
    "mozambique": "Mozambique",
    "myanmar": "Myanmar",
    "burma": "Myanmar",
    "namibia": "Namibia",
    "nauru": "Nauru",
    "nepal": "Nepal",
    "netherlands": "Netherlands",
    "new zealand": "New Zealand",
    "nicaragua": "Nicaragua",
    "niger": "Niger",
    "nigeria": "Nigeria",
    "north korea": "North Korea",
    "north macedonia": "North Macedonia",
    "macedonia": "North Macedonia",
    "norway": "Norway",
    "oman": "Oman",
    "pakistan": "Pakistan",
    "palau": "Palau",
    "palestine": "Palestine",
    "panama": "Panama",
    "papua new guinea": "Papua New Guinea",
    "paraguay": "Paraguay",
    "peru": "Peru",
    "perú": "Peru",
    "philippines": "Philippines",
    "poland": "Poland",
    "polska": "Poland",
    "portugal": "Portugal",
    "qatar": "Qatar",
    "romania": "Romania",
    "românia": "Romania",
    "russia": "Russia",
    "russian federation": "Russia",
    "rwanda": "Rwanda",
    "saint lucia": "Saint Lucia",
    "samoa": "Samoa",
    "san marino": "San Marino",
    "saudi arabia": "Saudi Arabia",
    "senegal": "Senegal",
    "serbia": "Serbia",
    "srbija": "Serbia",
    "seychelles": "Seychelles",
    "sierra leone": "Sierra Leone",
    "singapore": "Singapore",
    "slovakia": "Slovakia",
    "slovenia": "Slovenia",
    "solomon islands": "Solomon Islands",
    "somalia": "Somalia",
    "south africa": "South Africa",
    "south korea": "South Korea",
    "south sudan": "South Sudan",
    "spain": "Spain",
    "españa": "Spain",
    "sri lanka": "Sri Lanka",
    "sudan": "Sudan",
    "suriname": "Suriname",
    "sweden": "Sweden",
    "sverige": "Sweden",
    "switzerland": "Switzerland",
    "syria": "Syria",
    "taiwan": "Taiwan",
    "tajikistan": "Tajikistan",
    "tanzania": "Tanzania",
    "thailand": "Thailand",
    "timor-leste": "Timor-Leste",
    "east timor": "Timor-Leste",
    "togo": "Togo",
    "tonga": "Tonga",
    "trinidad and tobago": "Trinidad and Tobago",
    "tunisia": "Tunisia",
    "turkey": "Turkey",
    "türkiye": "Turkey",
    "turkmenistan": "Turkmenistan",
    "tuvalu": "Tuvalu",
    "uganda": "Uganda",
    "ukraine": "Ukraine",
    "україна": "Ukraine",
    "united arab emirates": "United Arab Emirates",
    "uae": "United Arab Emirates",
    "united kingdom": "United Kingdom",
    "uk": "United Kingdom",
    "royaume-uni": "United Kingdom",
    "britain": "United Kingdom",
    "great britain": "United Kingdom",
    "england": "United Kingdom",
    "scotland": "United Kingdom",
    "wales": "United Kingdom",
    "northern ireland": "United Kingdom",
    "united states": "United States",
    "usa": "United States",
    "us": "United States",
    "america": "United States",
    "united states of america": "United States",
    "uruguay": "Uruguay",
    "uzbekistan": "Uzbekistan",
    "vanuatu": "Vanuatu",
    "vatican": "Vatican City",
    "venezuela": "Venezuela",
    "vietnam": "Vietnam",
    "viet nam": "Vietnam",
    "yemen": "Yemen",
    "zambia": "Zambia",
    "zimbabwe": "Zimbabwe"
  },
  "cities": {
    "kabul": {"city": "Kabul", "country": "Afghanistan"},
    "tirana": {"city": "Tirana", "country": "Albania"},
    "algiers": {"city": "Algiers", "country": "Algeria"},
    "luanda": {"city": "Luanda", "country": "Angola"},
    "buenos aires": {"city": "Buenos Aires", "country": "Argentina"},
    "yerevan": {"city": "Yerevan", "country": "Armenia"},
    "sydney": {"city": "Sydney", "country": "Australia"},
    "melbourne": {"city": "Melbourne", "country": "Australia"},
    "brisbane": {"city": "Brisbane", "country": "Australia"},
    "perth": {"city": "Perth", "country": "Australia"},
    "adelaide": {"city": "Adelaide", "country": "Australia"},
    "canberra": {"city": "Canberra", "country": "Australia"},
    "vienna": {"city": "Vienna", "country": "Austria"},
    "wien": {"city": "Vienna", "country": "Austria"},
    "baku": {"city": "Baku", "country": "Azerbaijan"},
    "manama": {"city": "Manama", "country": "Bahrain"},
    "dhaka": {"city": "Dhaka", "country": "Bangladesh"},
    "minsk": {"city": "Minsk", "country": "Belarus"},
    "brussels": {"city": "Brussels", "country": "Belgium"},
    "bruxelles": {"city": "Brussels", "country": "Belgium"},
    "sarajevo": {"city": "Sarajevo", "country": "Bosnia and Herzegovina"},
    "brasilia": {"city": "Brasília", "country": "Brazil"},
    "rio de janeiro": {"city": "Rio de Janeiro", "country": "Brazil"},
    "sao paulo": {"city": "São Paulo", "country": "Brazil"},
    "são paulo": {"city": "São Paulo", "country": "Brazil"},
    "sofia": {"city": "Sofia", "country": "Bulgaria"},
    "plovdiv": {"city": "Plovdiv", "country": "Bulgaria"},
    "phnom penh": {"city": "Phnom Penh", "country": "Cambodia"},
    "ottawa": {"city": "Ottawa", "country": "Canada"},
    "toronto": {"city": "Toronto", "country": "Canada"},
    "montreal": {"city": "Montreal", "country": "Canada"},
    "vancouver": {"city": "Vancouver", "country": "Canada"},
    "calgary": {"city": "Calgary", "country": "Canada"},
    "edmonton": {"city": "Edmonton", "country": "Canada"},
    "quebec": {"city": "Quebec City", "country": "Canada"},
    "quebec city": {"city": "Quebec City", "country": "Canada"},
    "winnipeg": {"city": "Winnipeg", "country": "Canada"},
    "halifax": {"city": "Halifax", "country": "Canada"},
    "santiago": {"city": "Santiago", "country": "Chile"},
    "beijing": {"city": "Beijing", "country": "China"},
    "shanghai": {"city": "Shanghai", "country": "China"},
    "hong kong": {"city": "Hong Kong", "country": "China"},
    "guangzhou": {"city": "Guangzhou", "country": "China"},
    "shenzhen": {"city": "Shenzhen", "country": "China"},
    "bogota": {"city": "Bogotá", "country": "Colombia"},
    "bogotá": {"city": "Bogotá", "country": "Colombia"},
    "medellin": {"city": "Medellín", "country": "Colombia"},
    "cali": {"city": "Cali", "country": "Colombia"},
    "san jose": {"city": "San José", "country": "Costa Rica"},
    "zagreb": {"city": "Zagreb", "country": "Croatia"},
    "havana": {"city": "Havana", "country": "Cuba"},
    "nicosia": {"city": "Nicosia", "country": "Cyprus"},
    "prague": {"city": "Prague", "country": "Czech Republic"},
    "praha": {"city": "Prague", "country": "Czech Republic"},
    "copenhagen": {"city": "Copenhagen", "country": "Denmark"},
    "københavn": {"city": "Copenhagen", "country": "Denmark"},
    "quito": {"city": "Quito", "country": "Ecuador"},
    "cairo": {"city": "Cairo", "country": "Egypt"},
    "tallinn": {"city": "Tallinn", "country": "Estonia"},
    "addis ababa": {"city": "Addis Ababa", "country": "Ethiopia"},
    "helsinki": {"city": "Helsinki", "country": "Finland"},
    "paris": {"city": "Paris", "country": "France"},
    "marseille": {"city": "Marseille", "country": "France"},
    "lyon": {"city": "Lyon", "country": "France"},
    "toulouse": {"city": "Toulouse", "country": "France"},
    "nice": {"city": "Nice", "country": "France"},
    "nantes": {"city": "Nantes", "country": "France"},
    "berlin": {"city": "Berlin", "country": "Germany"},
    "munich": {"city": "Munich", "country": "Germany"},
    "münchen": {"city": "Munich", "country": "Germany"},
    "hamburg": {"city": "Hamburg", "country": "Germany"},
    "frankfurt": {"city": "Frankfurt", "country": "Germany"},
    "cologne": {"city": "Cologne", "country": "Germany"},
    "köln": {"city": "Cologne", "country": "Germany"},
    "athens": {"city": "Athens", "country": "Greece"},
    "budapest": {"city": "Budapest", "country": "Hungary"},
    "reykjavik": {"city": "Reykjavik", "country": "Iceland"},
    "new delhi": {"city": "New Delhi", "country": "India"},
    "delhi": {"city": "Delhi", "country": "India"},
    "mumbai": {"city": "Mumbai", "country": "India"},
    "bangalore": {"city": "Bangalore", "country": "India"},
    "bengaluru": {"city": "Bangalore", "country": "India"},
    "kolkata": {"city": "Kolkata", "country": "India"},
    "chennai": {"city": "Chennai", "country": "India"},
    "hyderabad": {"city": "Hyderabad", "country": "India"},
    "jakarta": {"city": "Jakarta", "country": "Indonesia"},
    "tehran": {"city": "Tehran", "country": "Iran"},
    "baghdad": {"city": "Baghdad", "country": "Iraq"},
    "dublin": {"city": "Dublin", "country": "Ireland"},
    "tel aviv": {"city": "Tel Aviv", "country": "Israel"},
    "jerusalem": {"city": "Jerusalem", "country": "Israel"},
    "rome": {"city": "Rome", "country": "Italy"},
    "roma": {"city": "Rome", "country": "Italy"},
    "milan": {"city": "Milan", "country": "Italy"},
    "milano": {"city": "Milan", "country": "Italy"},
    "naples": {"city": "Naples", "country": "Italy"},
    "napoli": {"city": "Naples", "country": "Italy"},
    "florence": {"city": "Florence", "country": "Italy"},
    "firenze": {"city": "Florence", "country": "Italy"},
    "tokyo": {"city": "Tokyo", "country": "Japan"},
    "osaka": {"city": "Osaka", "country": "Japan"},
    "kyoto": {"city": "Kyoto", "country": "Japan"},
    "amman": {"city": "Amman", "country": "Jordan"},
    "almaty": {"city": "Almaty", "country": "Kazakhstan"},
    "nairobi": {"city": "Nairobi", "country": "Kenya"},
    "pristina": {"city": "Pristina", "country": "Kosovo"},
    "kuwait city": {"city": "Kuwait City", "country": "Kuwait"},
    "riga": {"city": "Riga", "country": "Latvia"},
    "beirut": {"city": "Beirut", "country": "Lebanon"},
    "vilnius": {"city": "Vilnius", "country": "Lithuania"},
    "luxembourg": {"city": "Luxembourg", "country": "Luxembourg"},
    "kuala lumpur": {"city": "Kuala Lumpur", "country": "Malaysia"},
    "bamako": {"city": "Bamako", "country": "Mali"},
    "mexico city": {"city": "Mexico City", "country": "Mexico"},
    "ciudad de méxico": {"city": "Mexico City", "country": "Mexico"},
    "guadalajara": {"city": "Guadalajara", "country": "Mexico"},
    "monterrey": {"city": "Monterrey", "country": "Mexico"},
    "chisinau": {"city": "Chisinau", "country": "Moldova"},
    "casablanca": {"city": "Casablanca", "country": "Morocco"},
    "rabat": {"city": "Rabat", "country": "Morocco"},
    "yangon": {"city": "Yangon", "country": "Myanmar"},
    "kathmandu": {"city": "Kathmandu", "country": "Nepal"},
    "amsterdam": {"city": "Amsterdam", "country": "Netherlands"},
    "rotterdam": {"city": "Rotterdam", "country": "Netherlands"},
    "auckland": {"city": "Auckland", "country": "New Zealand"},
    "wellington": {"city": "Wellington", "country": "New Zealand"},
    "abuja": {"city": "Abuja", "country": "Nigeria"},
    "lagos": {"city": "Lagos", "country": "Nigeria"},
    "oslo": {"city": "Oslo", "country": "Norway"},
    "muscat": {"city": "Muscat", "country": "Oman"},
    "islamabad": {"city": "Islamabad", "country": "Pakistan"},
    "karachi": {"city": "Karachi", "country": "Pakistan"},
    "lahore": {"city": "Lahore", "country": "Pakistan"},
    "ramallah": {"city": "Ramallah", "country": "Palestine"},
    "panama city": {"city": "Panama City", "country": "Panama"},
    "port moresby": {"city": "Port Moresby", "country": "Papua New Guinea"},
    "lima": {"city": "Lima", "country": "Peru"},
    "manila": {"city": "Manila", "country": "Philippines"},
    "warsaw": {"city": "Warsaw", "country": "Poland"},
    "warszawa": {"city": "Warsaw", "country": "Poland"},
    "lisbon": {"city": "Lisbon", "country": "Portugal"},
    "lisboa": {"city": "Lisbon", "country": "Portugal"},
    "porto": {"city": "Porto", "country": "Portugal"},
    "doha": {"city": "Doha", "country": "Qatar"},
    "bucharest": {"city": "Bucharest", "country": "Romania"},
    "bucurești": {"city": "Bucharest", "country": "Romania"},
    "cluj": {"city": "Cluj-Napoca", "country": "Romania"},
    "cluj-napoca": {"city": "Cluj-Napoca", "country": "Romania"},
    "moscow": {"city": "Moscow", "country": "Russia"},
    "saint petersburg": {"city": "Saint Petersburg", "country": "Russia"},
    "sankt petersburg": {"city": "Saint Petersburg", "country": "Russia"},
    "kigali": {"city": "Kigali", "country": "Rwanda"},
    "riyadh": {"city": "Riyadh", "country": "Saudi Arabia"},
    "jeddah": {"city": "Jeddah", "country": "Saudi Arabia"},
    "dakar": {"city": "Dakar", "country": "Senegal"},
    "belgrade": {"city": "Belgrade", "country": "Serbia"},
    "beograd": {"city": "Belgrade", "country": "Serbia"},
    "novi sad": {"city": "Novi Sad", "country": "Serbia"},
    "nis": {"city": "Niš", "country": "Serbia"},
    "niš": {"city": "Niš", "country": "Serbia"},
    "singapore": {"city": "Singapore", "country": "Singapore"},
    "bratislava": {"city": "Bratislava", "country": "Slovakia"},
    "ljubljana": {"city": "Ljubljana", "country": "Slovenia"},
    "mogadishu": {"city": "Mogadishu", "country": "Somalia"},
    "cape town": {"city": "Cape Town", "country": "South Africa"},
    "johannesburg": {"city": "Johannesburg", "country": "South Africa"},
    "pretoria": {"city": "Pretoria", "country": "South Africa"},
    "seoul": {"city": "Seoul", "country": "South Korea"},
    "busan": {"city": "Busan", "country": "South Korea"},
    "juba": {"city": "Juba", "country": "South Sudan"},
    "madrid": {"city": "Madrid", "country": "Spain"},
    "barcelona": {"city": "Barcelona", "country": "Spain"},
    "valencia": {"city": "Valencia", "country": "Spain"},
    "seville": {"city": "Seville", "country": "Spain"},
    "sevilla": {"city": "Seville", "country": "Spain"},
    "colombo": {"city": "Colombo", "country": "Sri Lanka"},
    "khartoum": {"city": "Khartoum", "country": "Sudan"},
    "stockholm": {"city": "Stockholm", "country": "Sweden"},
    "gothenburg": {"city": "Gothenburg", "country": "Sweden"},
    "göteborg": {"city": "Gothenburg", "country": "Sweden"},
    "zurich": {"city": "Zurich", "country": "Switzerland"},
    "zürich": {"city": "Zurich", "country": "Switzerland"},
    "geneva": {"city": "Geneva", "country": "Switzerland"},
    "genève": {"city": "Geneva", "country": "Switzerland"},
    "bern": {"city": "Bern", "country": "Switzerland"},
    "damascus": {"city": "Damascus", "country": "Syria"},
    "aleppo": {"city": "Aleppo", "country": "Syria"},
    "taipei": {"city": "Taipei", "country": "Taiwan"},
    "dar es salaam": {"city": "Dar es Salaam", "country": "Tanzania"},
    "bangkok": {"city": "Bangkok", "country": "Thailand"},
    "ankara": {"city": "Ankara", "country": "Turkey"},
    "istanbul": {"city": "Istanbul", "country": "Turkey"},
    "kampala": {"city": "Kampala", "country": "Uganda"},
    "kyiv": {"city": "Kyiv", "country": "Ukraine"},
    "kiev": {"city": "Kyiv", "country": "Ukraine"},
    "kharkiv": {"city": "Kharkiv", "country": "Ukraine"},
    "odesa": {"city": "Odesa", "country": "Ukraine"},
    "lviv": {"city": "Lviv", "country": "Ukraine"},
    "dubai": {"city": "Dubai", "country": "United Arab Emirates"},
    "abu dhabi": {"city": "Abu Dhabi", "country": "United Arab Emirates"},
    "london": {"city": "London", "country": "United Kingdom"},
    "manchester": {"city": "Manchester", "country": "United Kingdom"},
    "birmingham": {"city": "Birmingham", "country": "United Kingdom"},
    "glasgow": {"city": "Glasgow", "country": "United Kingdom"},
    "edinburgh": {"city": "Edinburgh", "country": "United Kingdom"},
    "liverpool": {"city": "Liverpool", "country": "United Kingdom"},
    "bristol": {"city": "Bristol", "country": "United Kingdom"},
    "leeds": {"city": "Leeds", "country": "United Kingdom"},
    "cardiff": {"city": "Cardiff", "country": "United Kingdom"},
    "belfast": {"city": "Belfast", "country": "United Kingdom"},
    "new york": {"city": "New York", "country": "United States"},
    "new york city": {"city": "New York", "country": "United States"},
    "nyc": {"city": "New York", "country": "United States"},
    "los angeles": {"city": "Los Angeles", "country": "United States"},
    "chicago": {"city": "Chicago", "country": "United States"},
    "houston": {"city": "Houston", "country": "United States"},
    "phoenix": {"city": "Phoenix", "country": "United States"},
    "philadelphia": {"city": "Philadelphia", "country": "United States"},
    "san antonio": {"city": "San Antonio", "country": "United States"},
    "san diego": {"city": "San Diego", "country": "United States"},
    "dallas": {"city": "Dallas", "country": "United States"},
    "san francisco": {"city": "San Francisco", "country": "United States"},
    "austin": {"city": "Austin", "country": "United States"},
    "seattle": {"city": "Seattle", "country": "United States"},
    "denver": {"city": "Denver", "country": "United States"},
    "washington": {"city": "Washington DC", "country": "United States"},
    "washington dc": {"city": "Washington DC", "country": "United States"},
    "boston": {"city": "Boston", "country": "United States"},
    "miami": {"city": "Miami", "country": "United States"},
    "atlanta": {"city": "Atlanta", "country": "United States"},
    "las vegas": {"city": "Las Vegas", "country": "United States"},
    "montevideo": {"city": "Montevideo", "country": "Uruguay"},
    "tashkent": {"city": "Tashkent", "country": "Uzbekistan"},
    "caracas": {"city": "Caracas", "country": "Venezuela"},
    "hanoi": {"city": "Hanoi", "country": "Vietnam"},
    "ho chi minh": {"city": "Ho Chi Minh City", "country": "Vietnam"},
    "ho chi minh city": {"city": "Ho Chi Minh City", "country": "Vietnam"},
    "saigon": {"city": "Ho Chi Minh City", "country": "Vietnam"},
    "sanaa": {"city": "Sanaa", "country": "Yemen"},
    "lusaka": {"city": "Lusaka", "country": "Zambia"},
    "harare": {"city": "Harare", "country": "Zimbabwe"}
  },
  "regions": {
    "europe": ["europe", "european"],
    "asia": ["asia", "asian"],
    "africa": ["africa", "african"],
    "north america": ["north america", "north american"],
    "south america": ["south america", "south american"],
    "middle east": ["middle east", "mideast"],
    "central america": ["central america"],
    "oceania": ["oceania", "pacific islands"],
    "caribbean": ["caribbean"],
    "southeast asia": ["southeast asia", "sea"],
    "central asia": ["central asia"],
    "eastern europe": ["eastern europe"],
    "western europe": ["western europe"],
    "northern europe": ["northern europe", "scandinavia", "nordic"],
    "southern europe": ["southern europe"],
    "sub-saharan africa": ["sub-saharan africa"],
    "north africa": ["north africa", "maghreb"],
    "east africa": ["east africa"],
    "west africa": ["west africa"],
    "southern africa": ["southern africa"]
  }
}